[
{
    "model": "auth.user",
    "pk": 1,
    "fields": {
        "password": "pbkdf2_sha256$320000$n33NuBZzlLe8AE3LJE1yEh$2FpFAh5Mxp36M+31Z+x5ZMaKavTE7iJL1rhf91ebeXk=",
        "last_login": "2022-09-22T11:07:23Z",
        "is_superuser": true,
        "username": "samirshahi9882@gmail.com",
        "first_name": "",
        "last_name": "",
        "email": "samirshahi9882@gmail.com",
        "is_staff": true,
        "is_active": true,
        "date_joined": "2022-09-21T09:30:26Z",
        "groups": [],
        "user_permissions": []
    }
},
{
    "model": "auth.user",
    "pk": 2,
    "fields": {
        "password": "pbkdf2_sha256$320000$DRcrk3ZByhI055MJvxer2H$nImoTdq49px8si7PfVyoKW5LIbLrNcgi6fFlO+jbCFg=",
        "last_login": null,
        "is_superuser": false,
        "username": "bishal12@gmail.com",
        "first_name": "bishal",
        "last_name": "",
        "email": "bishal12@gmail.com",
        "is_staff": false,
        "is_active": true,
        "date_joined": "2022-09-22T11:07:17.631Z",
        "groups": [],
        "user_permissions": []
    }
},
{
    "model": "auth.user",
    "pk": 3,
    "fields": {
        "password": "pbkdf2_sha256$320000$OG9Tzr757zPs0rkWuwCOBh$1Gxl6DXgwxu25q9XbtKwJBmmWyyLEEa8/nLh1dSfV58=",
        "last_login": null,
        "is_superuser": false,
        "username": "saara2@gmail.com",
        "first_name": "Saara",
        "last_name": "",
        "email": "saara2@gmail.com",
        "is_staff": false,
        "is_active": true,
        "date_joined": "2022-09-22T11:34:44.198Z",
        "groups": [],
        "user_permissions": []
    }
},
{
    "model": "Mbase.category",
    "pk": 1,
    "fields": {
        "name": "Men's",
        "slug": "mens"
    }
},
{
    "model": "Mbase.category",
    "pk": 2,
    "fields": {
        "name": "Women's",
        "slug": "womens"
    }
},
{
    "model": "Mbase.category",
    "pk": 3,
    "fields": {
        "name": "Electronics",
        "slug": "electronics"
    }
},
{
    "model": "Mbase.category",
    "pk": 4,
    "fields": {
        "name": "HouseHold",
        "slug": "household"
    }
},
{
    "model": "Mbase.category",
    "pk": 5,
    "fields": {
        "name": "Packs",
        "slug": "packs"
    }
},
{
    "model": "Mbase.category",
    "pk": 6,
    "fields": {
        "name": "Deals",
        "slug": "deals"
    }
},
{
    "model": "Mbase.genre",
    "pk": 1,
    "fields": {
        "name": "Desktop",
        "slug": "desktop",
        "category": 3
    }
},
{
    "model": "Mbase.genre",
    "pk": 2,
    "fields": {
        "name": "Laptop",
        "slug": "laptop",
        "category": 3
    }
},
{
    "model": "Mbase.genre",
    "pk": 3,
    "fields": {
        "name": "Camera",
        "slug": "camera",
        "category": 3
    }
},
{
    "model": "Mbase.genre",
    "pk": 4,
    "fields": {
        "name": "Headphones",
        "slug": "headphones",
        "category": 3
    }
},
{
    "model": "Mbase.genre",
    "pk": 5,
    "fields": {
        "name": "Formal",
        "slug": "formal",
        "category": 1
    }
},
{
    "model": "Mbase.genre",
    "pk": 6,
    "fields": {
        "name": "Casual",
        "slug": "casual",
        "category": 1
    }
},
{
    "model": "Mbase.genre",
    "pk": 7,
    "fields": {
        "name": "Category",
        "slug": "category",
        "category": 1
    }
},
{
    "model": "Mbase.genre",
    "pk": 8,
    "fields": {
        "name": "Jacket",
        "slug": "jacket",
        "category": 1
    }
},
{
    "model": "Mbase.genre",
    "pk": 9,
    "fields": {
        "name": "Spectacles",
        "slug": "spectacles",
        "category": 1
    }
},
{
    "model": "Mbase.genre",
    "pk": 10,
    "fields": {
        "name": "Shoes",
        "slug": "shoes",
        "category": 1
    }
},
{
    "model": "Mbase.genre",
    "pk": 11,
    "fields": {
        "name": "Ear rings",
        "slug": "ear-rings",
        "category": 2
    }
},
{
    "model": "Mbase.genre",
    "pk": 12,
    "fields": {
        "name": "MakeupKit",
        "slug": "makeupkit",
        "category": 2
    }
},
{
    "model": "Mbase.genre",
    "pk": 13,
    "fields": {
        "name": "Sari",
        "slug": "sari",
        "category": 2
    }
},
{
    "model": "Mbase.genre",
    "pk": 14,
    "fields": {
        "name": "One piece",
        "slug": "one-piece",
        "category": 2
    }
},
{
    "model": "Mbase.genre",
    "pk": 15,
    "fields": {
        "name": "Blankets",
        "slug": "blankets",
        "category": 4
    }
},
{
    "model": "Mbase.genre",
    "pk": 16,
    "fields": {
        "name": "Bath Towels",
        "slug": "bath-towels",
        "category": 4
    }
},
{
    "model": "Mbase.genre",
    "pk": 17,
    "fields": {
        "name": "Kitchen Containers",
        "slug": "kitchen-containers",
        "category": 4
    }
},
{
    "model": "Mbase.product",
    "pk": 1,
    "fields": {
        "user": 1,
        "name": "Running & Trekking Shoes - White",
        "thumbnail": "sports-1_9lTtGXB.jpg",
        "brand": null,
        "category": 1,
        "description": "",
        "rating": "4.00",
        "numReviews": 0,
        "price": "500.00",
        "countInStock": 10,
        "createdAt": "2022-09-21T09:32:49.368Z",
        "is_featured": true,
        "likes": []
    }
},
{
    "model": "Mbase.product",
    "pk": 2,
    "fields": {
        "user": 1,
        "name": "Womens Party Wear Shoes",
        "thumbnail": "party-wear-1.jpg",
        "brand": null,
        "category": 2,
        "description": "",
        "rating": "3.00",
        "numReviews": 0,
        "price": "400.00",
        "countInStock": 21,
        "createdAt": "2022-09-21T09:33:51.779Z",
        "is_featured": false,
        "likes": []
    }
},
{
    "model": "Mbase.product",
    "pk": 3,
    "fields": {
        "user": 1,
        "name": "Pocket Watch Leather Pouch",
        "thumbnail": "watch-3.jpg",
        "brand": null,
        "category": 1,
        "description": "",
        "rating": "4.00",
        "numReviews": 0,
        "price": "700.00",
        "countInStock": 10,
        "createdAt": "2022-09-21T09:34:45.622Z",
        "is_featured": false,
        "likes": []
    }
},
{
    "model": "Mbase.product",
    "pk": 4,
    "fields": {
        "user": 1,
        "name": "Sports Claw Women's Shoes",
        "thumbnail": "sports-3.jpg",
        "brand": null,
        "category": 2,
        "description": "",
        "rating": "4.00",
        "numReviews": 0,
        "price": "450.00",
        "countInStock": 2,
        "createdAt": "2022-09-21T09:37:09.263Z",
        "is_featured": true,
        "likes": []
    }
},
{
    "model": "Mbase.product",
    "pk": 5,
    "fields": {
        "user": 1,
        "name": "Silver Deer Heart Necklace",
        "thumbnail": "jewellery-3.jpg",
        "brand": null,
        "category": 2,
        "description": "",
        "rating": "5.00",
        "numReviews": 0,
        "price": "600.00",
        "countInStock": 5,
        "createdAt": "2022-09-21T09:38:02.133Z",
        "is_featured": false,
        "likes": []
    }
},
{
    "model": "Mbase.product",
    "pk": 6,
    "fields": {
        "user": 1,
        "name": "Titan 100 Ml Womens Perfume",
        "thumbnail": "perfume.jpg",
        "brand": null,
        "category": 2,
        "description": "",
        "rating": "4.00",
        "numReviews": 0,
        "price": "400.00",
        "countInStock": 7,
        "createdAt": "2022-09-21T09:39:16.151Z",
        "is_featured": false,
        "likes": []
    }
},
{
    "model": "Mbase.product",
    "pk": 7,
    "fields": {
        "user": 1,
        "name": "shampoo, conditioner & facewash packs",
        "thumbnail": "shampoo.jpg",
        "brand": null,
        "category": 6,
        "description": "",
        "rating": "3.00",
        "numReviews": 3,
        "price": "600.00",
        "countInStock": 9,
        "createdAt": "2022-09-21T09:41:46.544Z",
        "is_featured": false,
        "likes": []
    }
},
{
    "model": "Mbase.product",
    "pk": 8,
    "fields": {
        "user": 1,
        "name": "Relaxed Short full Sleeve T-Shirt",
        "thumbnail": "clothes-1.jpg",
        "brand": null,
        "category": 2,
        "description": "",
        "rating": "4.00",
        "numReviews": 4,
        "price": "400.00",
        "countInStock": 11,
        "createdAt": "2022-09-21T09:42:45.204Z",
        "is_featured": false,
        "likes": []
    }
},
{
    "model": "Mbase.product",
    "pk": 9,
    "fields": {
        "user": 1,
        "name": "Girls pnk Embro design Top",
        "thumbnail": "clothes-2.jpg",
        "brand": null,
        "category": 2,
        "description": "",
        "rating": "4.00",
        "numReviews": 0,
        "price": "78.00",
        "countInStock": 2,
        "createdAt": "2022-09-21T09:43:33.939Z",
        "is_featured": false,
        "likes": []
    }
},
{
    "model": "Mbase.product",
    "pk": 10,
    "fields": {
        "user": 1,
        "name": "Black Floral Wrap Midi Skirt",
        "thumbnail": "clothes-3.jpg",
        "brand": null,
        "category": 2,
        "description": "",
        "rating": "4.00",
        "numReviews": 2,
        "price": "330.00",
        "countInStock": 0,
        "createdAt": "2022-09-21T09:44:51.499Z",
        "is_featured": false,
        "likes": []
    }
},
{
    "model": "Mbase.product",
    "pk": 11,
    "fields": {
        "user": 1,
        "name": "Mens Winter Leathers Jackets",
        "thumbnail": "jacket-3.jpg",
        "brand": null,
        "category": 1,
        "description": "",
        "rating": "4.00",
        "numReviews": 2,
        "price": "340.00",
        "countInStock": 0,
        "createdAt": "2022-09-21T10:08:17.785Z",
        "is_featured": true,
        "likes": [
            1
        ]
    }
},
{
    "model": "Mbase.product",
    "pk": 12,
    "fields": {
        "user": 1,
        "name": "Pure Garment Dyed Cotton Shirt",
        "thumbnail": "shirt-1.jpg",
        "brand": null,
        "category": 1,
        "description": "",
        "rating": "4.00",
        "numReviews": 3,
        "price": "210.00",
        "countInStock": 8,
        "createdAt": "2022-09-21T10:09:23.219Z",
        "is_featured": false,
        "likes": []
    }
},
{
    "model": "Mbase.product",
    "pk": 13,
    "fields": {
        "user": 1,
        "name": "MEN Yarn Fleece Full-Zip Jacket",
        "thumbnail": "jacket-5.jpg",
        "brand": null,
        "category": 2,
        "description": "",
        "rating": "2.00",
        "numReviews": 13,
        "price": "100.00",
        "countInStock": 2,
        "createdAt": "2022-09-21T10:10:30.197Z",
        "is_featured": false,
        "likes": []
    }
},
{
    "model": "Mbase.product",
    "pk": 14,
    "fields": {
        "user": 1,
        "name": "Men's Leather Formal Wear shoes",
        "thumbnail": "shoe-2_1.jpg",
        "brand": null,
        "category": 1,
        "description": "",
        "rating": "5.00",
        "numReviews": 4,
        "price": "130.00",
        "countInStock": 0,
        "createdAt": "2022-09-21T10:11:47.884Z",
        "is_featured": false,
        "likes": []
    }
},
{
    "model": "Mbase.product",
    "pk": 15,
    "fields": {
        "user": 1,
        "name": "Better Basics French Terry Sweatshorts",
        "thumbnail": "shorts-2.jpg",
        "brand": null,
        "category": 2,
        "description": "",
        "rating": "4.00",
        "numReviews": 2,
        "price": "50.00",
        "countInStock": 0,
        "createdAt": "2022-09-21T10:12:59.985Z",
        "is_featured": false,
        "likes": []
    }
},
{
    "model": "Mbase.product",
    "pk": 16,
    "fields": {
        "user": 1,
        "name": "Smart watche Vital Plus",
        "thumbnail": "watch-1.jpg",
        "brand": null,
        "category": 1,
        "description": "",
        "rating": "3.00",
        "numReviews": 2,
        "price": "90.00",
        "countInStock": 4,
        "createdAt": "2022-09-21T10:13:56.387Z",
        "is_featured": false,
        "likes": []
    }
},
{
    "model": "Mbase.product",
    "pk": 18,
    "fields": {
        "user": 1,
        "name": "Rose Gold diamonds Earring",
        "thumbnail": "jewellery-1_4vcp53l.jpg",
        "brand": null,
        "category": 6,
        "description": "",
        "rating": "4.00",
        "numReviews": 5,
        "price": "340.00",
        "countInStock": 3,
        "createdAt": "2022-09-21T15:24:12.912Z",
        "is_featured": false,
        "likes": []
    }
},
{
    "model": "Mbase.imagealbum",
    "pk": 1,
    "fields": {
        "image": "jacket-3_Bz1t9sz.jpg",
        "product": 11
    }
},
{
    "model": "Mbase.imagealbum",
    "pk": 2,
    "fields": {
        "image": "jacket-4.jpg",
        "product": 11
    }
},
{
    "model": "Mbase.imagealbum",
    "pk": 3,
    "fields": {
        "image": "shirt-2.jpg",
        "product": 12
    }
},
{
    "model": "Mbase.imagealbum",
    "pk": 4,
    "fields": {
        "image": "shirt-1_g68Npt5.jpg",
        "product": 12
    }
},
{
    "model": "Mbase.imagealbum",
    "pk": 5,
    "fields": {
        "image": "jacket-5_nOzxNT0.jpg",
        "product": 13
    }
},
{
    "model": "Mbase.imagealbum",
    "pk": 6,
    "fields": {
        "image": "jacket-6.jpg",
        "product": 13
    }
},
{
    "model": "Mbase.imagealbum",
    "pk": 7,
    "fields": {
        "image": "shoe-2_1_Hcsk5Zn.jpg",
        "product": 14
    }
},
{
    "model": "Mbase.imagealbum",
    "pk": 8,
    "fields": {
        "image": "shoe-2.jpg",
        "product": 14
    }
},
{
    "model": "Mbase.imagealbum",
    "pk": 9,
    "fields": {
        "image": "shorts-2_esFcfLD.jpg",
        "product": 15
    }
},
{
    "model": "Mbase.imagealbum",
    "pk": 10,
    "fields": {
        "image": "shorts-1.jpg",
        "product": 15
    }
},
{
    "model": "Mbase.imagealbum",
    "pk": 11,
    "fields": {
        "image": "watch-1_uAvppA1.jpg",
        "product": 16
    }
},
{
    "model": "Mbase.imagealbum",
    "pk": 12,
    "fields": {
        "image": "watch-2.jpg",
        "product": 16
    }
},
{
    "model": "Mbase.imagealbum",
    "pk": 14,
    "fields": {
        "image": "shampoo_fLZ3wYk.jpg",
        "product": 7
    }
},
{
    "model": "Mbase.imagealbum",
    "pk": 16,
    "fields": {
        "image": "jewellery-1_DAN7pjF.jpg",
        "product": 18
    }
},
{
    "model": "Mbase.order",
    "pk": 1,
    "fields": {
        "user": 3,
        "paymentMethod": "PayPal",
        "taxPrice": "54.12",
        "shippingPrice": "10.00",
        "totalPrice": "724.12",
        "isPaid": false,
        "paidAt": null,
        "isDelivered": false,
        "deliveredAt": null,
        "createdAt": "2022-09-22T11:47:57.192Z"
    }
},
{
    "model": "Mbase.order",
    "pk": 2,
    "fields": {
        "user": 3,
        "paymentMethod": "PayPal",
        "taxPrice": "54.12",
        "shippingPrice": "10.00",
        "totalPrice": "724.12",
        "isPaid": false,
        "paidAt": null,
        "isDelivered": false,
        "deliveredAt": null,
        "createdAt": "2022-09-22T11:50:38.292Z"
    }
},
{
    "model": "Mbase.order",
    "pk": 3,
    "fields": {
        "user": 3,
        "paymentMethod": "PayPal",
        "taxPrice": "54.12",
        "shippingPrice": "10.00",
        "totalPrice": "724.12",
        "isPaid": true,
        "paidAt": "2022-09-22T17:38:17.053Z",
        "isDelivered": false,
        "deliveredAt": null,
        "createdAt": "2022-09-22T11:51:14.646Z"
    }
},
{
    "model": "Mbase.order",
    "pk": 4,
    "fields": {
        "user": 3,
        "paymentMethod": "PayPal",
        "taxPrice": "4.10",
        "shippingPrice": "0.00",
        "totalPrice": "54.10",
        "isPaid": true,
        "paidAt": "2022-09-22T11:59:37.211Z",
        "isDelivered": false,
        "deliveredAt": null,
        "createdAt": "2022-09-22T11:59:10.680Z"
    }
},
{
    "model": "Mbase.order",
    "pk": 5,
    "fields": {
        "user": 3,
        "paymentMethod": "PayPal",
        "taxPrice": "4.10",
        "shippingPrice": "0.00",
        "totalPrice": "54.10",
        "isPaid": true,
        "paidAt": "2022-09-22T12:04:42.449Z",
        "isDelivered": false,
        "deliveredAt": null,
        "createdAt": "2022-09-22T12:04:22.824Z"
    }
},
{
    "model": "Mbase.order",
    "pk": 6,
    "fields": {
        "user": 3,
        "paymentMethod": "PayPal",
        "taxPrice": "10.66",
        "shippingPrice": "10.00",
        "totalPrice": "150.66",
        "isPaid": false,
        "paidAt": null,
        "isDelivered": false,
        "deliveredAt": null,
        "createdAt": "2022-09-22T12:14:20.663Z"
    }
},
{
    "model": "Mbase.order",
    "pk": 7,
    "fields": {
        "user": 3,
        "paymentMethod": "PayPal",
        "taxPrice": "10.66",
        "shippingPrice": "10.00",
        "totalPrice": "150.66",
        "isPaid": false,
        "paidAt": null,
        "isDelivered": false,
        "deliveredAt": null,
        "createdAt": "2022-09-22T12:27:22.575Z"
    }
},
{
    "model": "Mbase.order",
    "pk": 8,
    "fields": {
        "user": 3,
        "paymentMethod": "PayPal",
        "taxPrice": "8.20",
        "shippingPrice": "0.00",
        "totalPrice": "108.20",
        "isPaid": false,
        "paidAt": null,
        "isDelivered": false,
        "deliveredAt": null,
        "createdAt": "2022-09-22T12:30:14.378Z"
    }
},
{
    "model": "Mbase.order",
    "pk": 9,
    "fields": {
        "user": 3,
        "paymentMethod": "PayPal",
        "taxPrice": "8.20",
        "shippingPrice": "0.00",
        "totalPrice": "108.20",
        "isPaid": false,
        "paidAt": null,
        "isDelivered": false,
        "deliveredAt": null,
        "createdAt": "2022-09-22T12:34:47.656Z"
    }
},
{
    "model": "Mbase.order",
    "pk": 10,
    "fields": {
        "user": 3,
        "paymentMethod": "PayPal",
        "taxPrice": "27.88",
        "shippingPrice": "10.00",
        "totalPrice": "377.88",
        "isPaid": false,
        "paidAt": null,
        "isDelivered": false,
        "deliveredAt": null,
        "createdAt": "2022-09-22T12:50:47.417Z"
    }
},
{
    "model": "Mbase.order",
    "pk": 11,
    "fields": {
        "user": 3,
        "paymentMethod": "PayPal",
        "taxPrice": "251.74",
        "shippingPrice": "10.00",
        "totalPrice": "3331.74",
        "isPaid": true,
        "paidAt": "2022-09-23T15:35:57Z",
        "isDelivered": true,
        "deliveredAt": "2022-09-24T06:01:35.418Z",
        "createdAt": "2022-09-23T15:34:15.855Z"
    }
},
{
    "model": "Mbase.order",
    "pk": 12,
    "fields": {
        "user": 1,
        "paymentMethod": "PayPal",
        "taxPrice": "4.10",
        "shippingPrice": "0.00",
        "totalPrice": "54.10",
        "isPaid": true,
        "paidAt": "2022-09-24T06:37:07.396Z",
        "isDelivered": true,
        "deliveredAt": "2022-09-24T06:37:17.679Z",
        "createdAt": "2022-09-24T06:36:39.927Z"
    }
},
{
    "model": "Mbase.orderitem",
    "pk": 1,
    "fields": {
        "product": 15,
        "order": 3,
        "name": "Better Basics French Terry Sweatshorts",
        "qty": 7,
        "price": "50.00",
        "thumbnail": "/images/shorts-2.jpg"
    }
},
{
    "model": "Mbase.orderitem",
    "pk": 2,
    "fields": {
        "product": 16,
        "order": 3,
        "name": "Smart watche Vital Plus",
        "qty": 2,
        "price": "90.00",
        "thumbnail": "/images/watch-1.jpg"
    }
},
{
    "model": "Mbase.orderitem",
    "pk": 3,
    "fields": {
        "product": 14,
        "order": 3,
        "name": "Men's Leather Formal Wear shoes",
        "qty": 1,
        "price": "130.00",
        "thumbnail": "/images/shoe-2_1.jpg"
    }
},
{
    "model": "Mbase.orderitem",
    "pk": 4,
    "fields": {
        "product": 15,
        "order": 4,
        "name": "Better Basics French Terry Sweatshorts",
        "qty": 1,
        "price": "50.00",
        "thumbnail": "/images/shorts-2.jpg"
    }
},
{
    "model": "Mbase.orderitem",
    "pk": 5,
    "fields": {
        "product": 15,
        "order": 5,
        "name": "Better Basics French Terry Sweatshorts",
        "qty": 1,
        "price": "50.00",
        "thumbnail": "/images/shorts-2.jpg"
    }
},
{
    "model": "Mbase.orderitem",
    "pk": 6,
    "fields": {
        "product": 14,
        "order": 6,
        "name": "Men's Leather Formal Wear shoes",
        "qty": 1,
        "price": "130.00",
        "thumbnail": "/images/shoe-2_1.jpg"
    }
},
{
    "model": "Mbase.orderitem",
    "pk": 7,
    "fields": {
        "product": 14,
        "order": 7,
        "name": "Men's Leather Formal Wear shoes",
        "qty": 1,
        "price": "130.00",
        "thumbnail": "/images/shoe-2_1.jpg"
    }
},
{
    "model": "Mbase.orderitem",
    "pk": 8,
    "fields": {
        "product": 13,
        "order": 8,
        "name": "MEN Yarn Fleece Full-Zip Jacket",
        "qty": 1,
        "price": "100.00",
        "thumbnail": "/images/jacket-5.jpg"
    }
},
{
    "model": "Mbase.orderitem",
    "pk": 9,
    "fields": {
        "product": 13,
        "order": 9,
        "name": "MEN Yarn Fleece Full-Zip Jacket",
        "qty": 1,
        "price": "100.00",
        "thumbnail": "/images/jacket-5.jpg"
    }
},
{
    "model": "Mbase.orderitem",
    "pk": 10,
    "fields": {
        "product": 11,
        "order": 10,
        "name": "Mens Winter Leathers Jackets",
        "qty": 1,
        "price": "340.00",
        "thumbnail": "/images/jacket-3.jpg"
    }
},
{
    "model": "Mbase.orderitem",
    "pk": 11,
    "fields": {
        "product": 15,
        "order": 11,
        "name": "Better Basics French Terry Sweatshorts",
        "qty": 1,
        "price": "50.00",
        "thumbnail": "/images/shorts-2.jpg"
    }
},
{
    "model": "Mbase.orderitem",
    "pk": 12,
    "fields": {
        "product": 10,
        "order": 11,
        "name": "Black Floral Wrap Midi Skirt",
        "qty": 4,
        "price": "330.00",
        "thumbnail": "/images/clothes-3.jpg"
    }
},
{
    "model": "Mbase.orderitem",
    "pk": 13,
    "fields": {
        "product": 11,
        "order": 11,
        "name": "Mens Winter Leathers Jackets",
        "qty": 5,
        "price": "340.00",
        "thumbnail": "/images/jacket-3.jpg"
    }
},
{
    "model": "Mbase.orderitem",
    "pk": 14,
    "fields": {
        "product": 15,
        "order": 12,
        "name": "Better Basics French Terry Sweatshorts",
        "qty": 1,
        "price": "50.00",
        "thumbnail": "/images/shorts-2.jpg"
    }
},
{
    "model": "Mbase.shippingaddress",
    "pk": 1,
    "fields": {
        "order": 1,
        "address": "Machhapuchre Tole-3",
        "city": "Pokhara",
        "postalCode": "33700",
        "country": "Nepal",
        "shippingPrice": null
    }
},
{
    "model": "Mbase.shippingaddress",
    "pk": 2,
    "fields": {
        "order": 2,
        "address": "Machhapuchre Tole-3",
        "city": "Pokhara",
        "postalCode": "33700",
        "country": "Nepal",
        "shippingPrice": null
    }
},
{
    "model": "Mbase.shippingaddress",
    "pk": 3,
    "fields": {
        "order": 3,
        "address": "Machhapuchre Tole-3",
        "city": "Pokhara",
        "postalCode": "33700",
        "country": "Nepal",
        "shippingPrice": null
    }
},
{
    "model": "Mbase.shippingaddress",
    "pk": 4,
    "fields": {
        "order": 4,
        "address": "Machhapuchre Tole-3",
        "city": "Pokhara",
        "postalCode": "33700",
        "country": "Nepal",
        "shippingPrice": null
    }
},
{
    "model": "Mbase.shippingaddress",
    "pk": 5,
    "fields": {
        "order": 5,
        "address": "Machhapuchre Tole-3",
        "city": "Pokhara",
        "postalCode": "33700",
        "country": "Nepal",
        "shippingPrice": null
    }
},
{
    "model": "Mbase.shippingaddress",
    "pk": 6,
    "fields": {
        "order": 6,
        "address": "Machhapuchre Tole-3",
        "city": "Pokhara",
        "postalCode": "33700",
        "country": "Nepal",
        "shippingPrice": null
    }
},
{
    "model": "Mbase.shippingaddress",
    "pk": 7,
    "fields": {
        "order": 7,
        "address": "Machhapuchre Tole-3",
        "city": "Pokhara",
        "postalCode": "33700",
        "country": "Nepal",
        "shippingPrice": null
    }
},
{
    "model": "Mbase.shippingaddress",
    "pk": 8,
    "fields": {
        "order": 8,
        "address": "Machhapuchre Tole-3",
        "city": "Pokhara",
        "postalCode": "33700",
        "country": "Nepal",
        "shippingPrice": null
    }
},
{
    "model": "Mbase.shippingaddress",
    "pk": 9,
    "fields": {
        "order": 9,
        "address": "Machhapuchre Tole-3",
        "city": "Pokhara",
        "postalCode": "33700",
        "country": "Nepal",
        "shippingPrice": null
    }
},
{
    "model": "Mbase.shippingaddress",
    "pk": 10,
    "fields": {
        "order": 10,
        "address": "Machhapuchre Tole-3",
        "city": "Pokhara",
        "postalCode": "33700",
        "country": "Nepal",
        "shippingPrice": null
    }
},
{
    "model": "Mbase.shippingaddress",
    "pk": 11,
    "fields": {
        "order": 11,
        "address": "Machhapuchre Tole-3",
        "city": "Pokhara",
        "postalCode": "33700",
        "country": "Nepal",
        "shippingPrice": null
    }
},
{
    "model": "Mbase.shippingaddress",
    "pk": 12,
    "fields": {
        "order": 12,
        "address": "Machhapuchre Tole-3",
        "city": "Pokhara",
        "postalCode": "33700",
        "country": "Nepal",
        "shippingPrice": null
    }
}
]
